Position on SERP,URL,Page AS,Ref. Domains,Backlinks,Search Traffic,URL Keywords
1,https://www.inchcalculator.com/weight-loss-percentage-calculator/inchcalculator.com,22,10,13,6.2K,297
2,https://health.usnews.com/wellness/food/articles/how-to-calculate-weight-loss-percentageusnews.com,21,17,71,3.4K,350
3,https://www.fitwatch.com/calculator/weight-loss-percentage/fitwatch.com,19,21,156,378,130
AI Overview
4,https://greenreliefmd.com/weight-loss-percentage-calculator/greenreliefmd.com,0,0,0,1.4K,308
5,https://www.hyperemesis.org/weight-loss-calculator/hyperemesis.org,42,49,243,1.4K,185
6,https://www.omnicalculator.com/health/weight-loss-percentageomnicalculator.com,45,4,11,3.7K,432
7,https://www.pbrc.edu/research-and-faculty/calculators/weight-loss-predictor/index.aspxpbrc.edu,14,27,125,31.9K,1.7K
8,https://xylaservices.com/5-percent-weight-loss-calculator/xylaservices.com,0,0,0,831,201
9,https://zoe.com/learn/weight-loss-percentage-calculatorzoe.com,14,3,3,304,130
10,https://www.fatcalc.com/bwpfatcalc.com,15,68,379,29.6K,3.8K
11,https://www.precisionnutrition.com/weight-loss-calculator/precisionnutrition.com,,,,41.5K,3.2K
12,https://www.youtube.com/watch?v=nXzI6H5o7AMyoutube.com,,,,563,132
13,https://lifespanfitness.com/pages/weight-loss-calculatorlifespanfitness.com,,,,2.8K,2.8K
14,https://www.healthyweightforum.org/eng/calculators/weight-loss-percentage/healthyweightforum.org,,,,117,254
15,https://myplate.food/weight-loss-percentage-calculatormyplate.food,,,,51,123
16,https://www.dna-lean.co.uk/blogs/news/weight-loss-calculatordna-lean.co.uk,,,,47,145
17,https://goodcalculators.com/weight-loss-percentage-calculator/goodcalculators.com,,,,54,309
18,https://www.athletepath.com/weight-loss-percentage-calculator/athletepath.com,,,,12,65
19,https://bitekit.app/tools/weight-loss-percentage-calculatorbitekit.app,,,,79,77
20,https://bitekit.app/tools/weight-loss-percentage-calculatorbitekit.app,,,,79,77
21,http://www.nafwa.org/percentchange.phpnafwa.org,5,3,10,663,148
22,https://www.calculator.net/body-fat-calculator.htmlcalculator.net,68,613,1.9K,122.6K,3.4K
23,https://zoe.com/learn/how-to-calculate-weight-loss-as-a-percentagezoe.com,13,7,12,108,216
24,https://www.thecalculator.co/health/Weight-Loss-Percentage-Calculator-213.htmlthecalculator.co,10,4,47,17,79
25,https://globalrph.com/medcalcs/weight-loss-target-based-on-body-fat-percentage/globalrph.com,13,4,6,482,446
26,https://www.joinlevity.com/weight-loss-calculatorjoinlevity.com,15,1,1,349,401
27,https://legionathletics.com/weight-loss-calculator/legionathletics.com,41,37,102,1.2K,1.5K
28,https://exrx.net/Calculators/WeightBodyCompexrx.net,16,6,7,513,1.2K
29,https://rippedbody.com/fat-loss-calculator/rippedbody.com,0,0,0,171,762
30,https://rippedbody.com/fat-loss-calculator/rippedbody.com,0,0,0,171,762
31,https://www.facebook.com/WeightLossPercentageCalculator/facebook.com,0,0,0,0,5
32,http://nehasfitnessstudio.com/calculator/weight-loss-percentage/nehasfitnessstudio.com,0,0,0,8,38
33,https://thegeriatricdietitian.com/weight-loss-percentage-calculator/thegeriatricdietitian.com,11,2,20,5,69
34,https://fitnessvolt.com/weight-loss-percentage-calculator/fitnessvolt.com,9,5,7,5,28
35,https://kh.megawecare.com/en/good-health-by-yourself/health-calculators/fat-loss-calculatormegawecare.com,0,0,0,1,11
36,https://www.medindia.net/patients/calculators/weight-loss-calculator.aspmedindia.net,43,26,57,75,898
37,https://www.youtube.com/watch?v=okCF0KBsIkMyoutube.com,0,3,7,35,75
38,http://ratfactor.com/tools/fatcalcratfactor.com,7,6,26,26,569
39,https://totalshape.com/weight-loss-percentage-calculator/totalshape.com,0,1,1,6,77
40,https://www.medindia.net/patients/calculators/weight-loss-calculator.aspmedindia.net,43,26,57,75,898
41,http://ratfactor.com/tools/fatcalcratfactor.com,7,6,26,26,569
42,https://totalshape.com/weight-loss-percentage-calculator/totalshape.com,0,1,1,6,77
43,https://www.fatcalc.com/fatcalc.com,41,39,93,2.0K,1.9K
44,https://lasta.app/calculators/weight-loss-percentage-calculator/lasta.app,23,1,1,2,153
45,https://www.shapefit.com/uncategorized/weight-loss-percentage-calculator.htmlshapefit.com,4,1,1,0,48
46,https://calculator-online.net/weight-loss-percentage-calculator/calculator-online.net,19,7,42,0,48
47,https://www.omnicalculator.com/health/bmi-weight-lossomnicalculator.com,46,13,60,30,635
48,https://pigly.com/insurance/health/weight-loss.phppigly.com,12,13,42,1.3K,2.5K
49,https://mrkeepfit.com/weight-loss-percentage-calculator/mrkeepfit.com,0,0,0,0,53
50,https://www.calculatorsoup.com/calculators/algebra/percentage-decrease-calculator.phpcalculatorsoup.com,41,94,411,23.3K,2.0K
51,https://www.fatcalc.com/rwlfatcalc.com,48,132,548,54.1K,3.0K
52,https://jitsi.cmu.edu.jm/weight-loss-percentage-calculator/cmu.edu.jm,0,0,0,1,40
53,https://meagain.com/tools/weight-loss-percentage-calculatormeagain.comReviews,0,0,0,3,71
54,https://calculator.academy/weight-loss-calculator/calculator.academy,15,2,6,0,103
55,https://completecalculators.com/calculators/fitness-weight-loss/weight-loss-percentage-calculatorcompletecalculators.com,0,0,0,0,77
56,https://calculator-online.net/weightloss-calculator/calculator-online.net,45,143,692,9,865
57,https://www.tracker.magnetomage.stream/magnetomage.stream,0,0,0,0,9
58,https://percentagecalculatorbox.com/weight-loss-percentage-calculatorpercentagecalculatorbox.com,0,0,0,1,86
59,https://www.calcoid.com/weight-loss-percentage-calculator/calcoid.com,0,0,0,0,10
60,https://zaptool.app/weight-loss-percentage-calculator/zaptool.app,0,0,0,0,15
61,https://www.weightlosspercentage.com/blog/how-to-calculate-weight-loss-percentage/weightlosspercentage.com,0,0,0,0,46
62,https://totaltoolhub.com/weight-loss-percentage-calculator/totaltoolhub.com,0,0,0,0,25
63,https://calculator.academy/weight-loss-percentage-calculator-2/calculator.academy,0,0,0,1,113
64,https://weight-loss-calc.page.gd/page.gd,0,0,0,0,67
65,https://www.doselogapp.com/tools/weight-loss-percentage-calculatordoselogapp.com,0,0,0,0,12
66,https://weightlosspercent.com/weightlosspercent.com,0,62,72,0,68
67,https://www.weightlosspercentage.com/weightlosspercentage.com,0,0,0,0,88